Workbook

Sheet Brechas
A1: Anexo E · Análisis de brechas (AR03_brechas.csv)
A2: Municipalidad Distrital de Alto Selva · PETI v0.10 · Restringido · Taller 10 SI-886
A4: id | B4: capa | C4: brecha | D4: elemento_actual | E4: elemento_objetivo | F4: tipo | G4: esfuerzo_sem | H4: dependencias | I4: paquete | J4: origen
A5: B-01 | B5: Negocio | C5: Sin Comité ni Líder de Gobierno Digital designados | D5: — | E5: ACT-09; ROL-05 | F5: Nuevo | G5: 2 | H5: — | I5: WP-01 | J5: AP-01 · H-01 · R.M. 119-2018-PCM
A6: B-02 | B6: Negocio | C6: Sin Plan de Gobierno Digital ni PETI aprobados | D6: — | E6: PRO-09 | F6: Nuevo | G6: 6 | H6: B-01 | I6: WP-01 | J6: AP-01 · H-01 · H-02 · D. Leg. 1412
A7: B-03 | B7: Negocio | C7: Sin dueños de dato designados por cargo | D7: — | E7: ROL-04 | F7: Nuevo | G7: 2 | H7: B-01 | I7: WP-01 | J7: AP-02 · H-09
A8: B-04 | B8: Datos | C8: Datos personales sin registro de actividades de tratamiento | D8: — | E8: DO-09 | F8: Nuevo | G8: 3 | H8: B-03 | I8: WP-02 | J8: AP-07 · H-10 · Ley 29733 · D. S. 016-2024-JUS
A9: B-05 | B9: Tecnología | C9: Respaldo a disco local sin restauración probada ni copia fuera de la sede | D9: TSV-03 | E9: TSV-03O; NOD-06 | F9: Modificar | G9: 3 | H9: — | I9: WP-04 | J9: AP-03 · H-05 · COBIT DSS04
A10: B-06 | B10: Tecnología | C10: Servidor único sin autonomía de energía | D10: NOD-01 | E10: NOD-01O | F10: Modificar | G10: 4 | H10: — | I10: WP-04 | J10: AP-03 · H-04 · H-05
A11: B-07 | B11: Aplicación | C11: Rentas y catastro con soporte vencido desde 2023 | D11: APP-03 | E11: APP-03O | F11: Modificar | G11: 6 | H11: B-05; B-06 | I11: WP-05 | J11: AP-03 · AP-04 · H-04 · incidente (Ficha §G)
A12: B-08 | B12: Aplicación | C12: Trámite documentario sin soporte · código ni documentación | D12: APP-02 | E12: APP-02O | F12: Reemplazar | G12: 12 | H12: B-05; B-06 | I12: WP-05 | J12: AP-04 · H-03
A13: B-09 | B13: Datos | C13: Expediente sin fuente digital (el físico manda · 1 340 sin estado) | D13: DO-04; DO-05 | E13: DO-04O | F13: Modificar | G13: 4 | H13: B-03; B-08 | I13: WP-03 | J13: AP-02 · AP-05 · H-09
A14: B-10 | B14: Datos | C14: Deuda del contribuyente distinta en rentas y fiscalización | D14: DO-01; DO-02 | E14: DO-01 | F14: Modificar | G14: 3 | H14: B-03; B-07 | I14: WP-03 | J14: AP-02 · H-09
A15: B-11 | B15: Aplicación | C15: Mesa de partes virtual por formulario y correo que se imprime | D15: APP-05; AIF-01 | E15: AIF-04 | F15: Reemplazar | G15: 3 | H15: B-08 | I15: WP-06 | J15: AP-06 · H-06
A16: B-12 | B16: Aplicación | C16: Integraciones manuales (correo impreso · recaudación digitada al SIAF-SP) | D16: — | E16: APP-11; AIF-03 | F16: Nuevo | G16: 6 | H16: B-07; B-08 | I16: WP-07 | J16: AP-06 · H-06 · D. Leg. 1412
... A22: B-18 | B22: Negocio | C22: Atención al ciudadano sin seguimiento del trámite | D22: PRO-06 | E22: PRO-06O; ASV-06 | F22: Modificar | G22: 2 | H22: B-11 | I22: WP-06 | J22: AP-06 · H-06

Sheet Paquetes
A1: Paquetes de trabajo y secuencia obligada (salida de AR03_brechas.py)
A2: Municipalidad Distrital de Alto Selva · PETI v0.10 · Restringido · Taller 10 SI-886
A4: ola | B4: paquete | C4: nombre | D4: brechas | E4: depende_de | F4: proyecto | G4: esfuerzo (sem-p)
A5: 1 | B5: WP-01 | C5: Gobierno digital y de TI | D5: B-01; B-02; B-03 | E5: — | F5: P-01 Comité · Líder y Plan de Gobierno Digital | G5: =SUMIF(Brechas!$I$5:$I$22,B5,Brechas!$G$5:$G$22)
A6: 1 | B6: WP-04 | C6: Continuidad de la infraestructura | D6: B-05; B-06 | E6: — | F6: P-04 Respaldo verificado y continuidad | G6: =SUMIF(Brechas!$I$5:$I$22,B6,Brechas!$G$5:$G$22)
A7: 2 | B7: WP-02 | C7: Protección de datos y seguridad | D7: B-04; B-16 | E7: WP-01; WP-04 | F7: P-02 Registro de tratamientos y seguridad de la información | G7: =SUMIF(Brechas!$I$5:$I$22,B7,Brechas!$G$5:$G$22)
A8: 2 | B8: WP-05 | C8: Recuperación de sistemas críticos | D8: B-07; B-08 | E8: WP-04 | F8: P-05 Rentas con soporte y gestión documental | G8: =SUMIF(Brechas!$I$5:$I$22,B8,Brechas!$G$5:$G$22)
A9: 2 | B9: WP-08 | C9: Gestión de servicios de TI | D9: B-17 | E9: WP-01 | F9: P-08 Mesa de ayuda · cambios e inventario de activos | G9: =SUMIF(Brechas!$I$5:$I$22,B9,Brechas!$G$5:$G$22)
A10: 3 | B10: WP-07 | C10: Interoperabilidad con el Estado | D10: B-12 | E10: WP-05 | F10: P-07 Capa de interoperabilidad y conexión a la PIDE | G10: =SUMIF(Brechas!$I$5:$I$22,B10,Brechas!$G$5:$G$22)
A11: 4 | B11: WP-06 | C11: Servicios digitales al ciudadano | D11: B-11; B-13; B-14; B-18 | E11: WP-02; WP-05; WP-07 | F11: P-06 Mesa de partes · licencias y registro civil digitales | G11: =SUMIF(Brechas!$I$5:$I$22,B11,Brechas!$G$5:$G$22)
A12: 5 | B12: WP-03 | C12: Fuentes autoritativas y retiro de hojas | D12: B-09; B-10; B-15 | E12: WP-01; WP-05; WP-06 | F12: P-03 Gobierno del dato municipal | G12: =SUMIF(Brechas!$I$5:$I$22,B12,Brechas!$G$5:$G$22)

Sheet Resumen
A1: Brechas por capa y tipo (fórmulas)
A4: Capa | B4: Nuevo | C4: Modificar | D4: Reemplazar | E4: Retirar | F4: Total | G4: Esfuerzo (sem-p)
A5: Negocio | B5: =COUNTIFS(Brechas!$B$5:$B$22,$A5,Brechas!$F$5:$F$22,"Nuevo") | C5: =COUNTIFS(Brechas!$B$5:$B$22,$A5,Brechas!$F$5:$F$22,"Modificar") | D5: =COUNTIFS(Brechas!$B$5:$B$22,$A5,Brechas!$F$5:$F$22,"Reemplazar") | E5: =COUNTIFS(Brechas!$B$5:$B$22,$A5,Brechas!$F$5:$F$22,"Retirar") | F5: =SUM(B5:E5) | G5: =SUMIF(Brechas!$B$5:$B$22,$A5,Brechas!$G$5:$G$22)
A6: Datos | B6: =COUNTIFS(Brechas!$B$5:$B$22,$A6,Brechas!$F$5:$F$22,"Nuevo") | C6: =COUNTIFS(Brechas!$B$5:$B$22,$A6,Brechas!$F$5:$F$22,"Modificar") | D6: =COUNTIFS(Brechas!$B$5:$B$22,$A6,Brechas!$F$5:$F$22,"Reemplazar") | E6: =COUNTIFS(Brechas!$B$5:$B$22,$A6,Brechas!$F$5:$F$22,"Retirar") | F6: =SUM(B6:E6) | G6: =SUMIF(Brechas!$B$5:$B$22,$A6,Brechas!$G$5:$G$22)
A7: Aplicación | B7: =COUNTIFS(Brechas!$B$5:$B$22,$A7,Brechas!$F$5:$F$22,"Nuevo") | C7: =COUNTIFS(Brechas!$B$5:$B$22,$A7,Brechas!$F$5:$F$22,"Modificar") | D7: =COUNTIFS(Brechas!$B$5:$B$22,$A7,Brechas!$F$5:$F$22,"Reemplazar") | E7: =COUNTIFS(Brechas!$B$5:$B$22,$A7,Brechas!$F$5:$F$22,"Retirar") | F7: =SUM(B7:E7) | G7: =SUMIF(Brechas!$B$5:$B$22,$A7,Brechas!$G$5:$G$22)
A8: Tecnología | B8: =COUNTIFS(Brechas!$B$5:$B$22,$A8,Brechas!$F$5:$F$22,"Nuevo") | C8: =COUNTIFS(Brechas!$B$5:$B$22,$A8,Brechas!$F$5:$F$22,"Modificar") | D8: =COUNTIFS(Brechas!$B$5:$B$22,$A8,Brechas!$F$5:$F$22,"Reemplazar") | E8: =COUNTIFS(Brechas!$B$5:$B$22,$A8,Brechas!$F$5:$F$22,"Retirar") | F8: =SUM(B8:E8) | G8: =SUMIF(Brechas!$B$5:$B$22,$A8,Brechas!$G$5:$G$22)
A9: Total | B9: =SUM(B5:B8) | C9: =SUM(C5:C8) | D9: =SUM(D5:D8) | E9: =SUM(E5:E8) | F9: =SUM(F5:F8) | G9: =SUM(G5:G8)
